名称                   |  类型  |  费用  |  稀有度  |  是否已进池    |  效果
HaoStrike              |  攻击  |  1     |  基础    |  是            |  造成 6/9 点伤害，每层豪意值额外造成1点伤害。
HaoDefend              |  技能  |  1     |  基础    |  是            |  获得 等同于豪意值点数 * 3的格挡，不超过11/15点。
Narcissism             |  技能  |  1     |  基础    |  是            |  获得 6/8 点格挡，获得 2/3 层豪意值。
FigureShadow           |  技能  |  0     |  普通    |  否            |  获得 2/3 层豪意值，抽 1/2 张牌，消耗。
Debugging              |  技能  |  0     |  普通    |  否            |  若豪意值大于 10，减少至10，然后获得等于减少量的格挡。
CodeOffense            |  攻击  |  2     |  普通    |  否            |  每有1点豪意值，造成2点伤害，若豪意值大于等于6，翻倍你本次伤害
Exam                   |  技能  |  1     |  普通    |  否            |  翻倍豪意值，若豪意值大于等于10，回复6点生命，消耗。
ShangHaiStudent        |  技能  |  1     |  普通    |  否            |  本回合每打出 1 张牌，获得 1 层豪意值 与 1/2 点格挡。
Surfing                |  技能  |  1     |  普通    |  否            |  从弃牌堆选择一张卡放回抽牌堆， 失去3点豪意值
Sneer                  |  技能  |  0     |  普通    |  否            |  对自身施加一层易伤，本回合你格挡伤害时，对敌方造成等量伤害
Calm                   |  攻击  |  3     |  非普通  |  否            |  失去所有豪意值，每失去 1 层造成 3 点伤害，获得3点格挡。
Conflict               |  攻击  |  2     |  非普通  |  否            |  施加3层易伤。若豪意值不少于 10，额外造成 16 点伤害并失去 5 点豪意值。
Equal680               |  能力  |  1     |  非普通  |  否            |  若你的生命上限小于敌方，你每次攻击额外造成3点伤害
GroupDiscuss           |  技能  |  3     |  非普通  |  否            |  若敌人的意图为攻击，你获得一层无实体；否则你造成18/24点伤害，虚无，消耗
FireInSoul             |  技能  |  1/0   |  非普通  |  否            |  对自身施加一层脆弱，抽 2 张牌并获得 1 点能量，固有，消耗。
Unrepentant            |  技能  |  1     |  非普通  |  否            |  本回合，你失去受到的伤害改为增加等量豪意值，下回合，你每打出一张牌，受到2点伤害，消耗
KickUp                 |  攻击  |  0     |  非普通  |  否            |  固有，对所有敌人造8点伤害，获得3点豪意值，消耗。
Genius                 |  能力  |  1     |  非普通  |  否            |  失去豪意值时，受到的伤害翻倍。你的回合开始时，获得1点能量，抽1/2张牌。
Grammar                |  技能  |  1     |  非普通  |  否            |  从3张其他角色的（升级过的）技能牌中选择一张加入手牌，这张牌在本回合内免费打出；若豪意值不小于10，改为本局内免费打出。
MagnificentHao         |  技能  |  1     |  非普通  |  否            |  本回合内，你每抽2张牌，获得1点豪意值；下回会，每获得2点豪意值，抽1张牌。
MathPrince             |  能力  |  2/1   |  稀有    |  否            |  你的回合开始时，每有4点豪意值， 获得1点临时力量
StudentLeader          |  技能  |  2     |  稀有    |  否            |  保留，你失去所有豪意值，每失去4点，获得1点敏捷，消耗。
CodeCodeCode           |  技能  |  0     |  稀有    |  否            |  获得6/8点格挡，每当你失去豪意值时，将此卡返回你的手牌
SuperHaoField          |  能力  |  3     |  稀有    |   已实现未进池  |  回合结束时，获得等同于豪意值一半的格挡，并对所有敌人造成等同于豪意值一半的伤害。
TsinghuaForm           |  能力  |  3     |  稀有    |  否            |  当你失去豪意值时，获得等同于失去数量一半的豪意值与格挡。
InfiniteHao            |  攻击  |  X     |  稀有    |  否            |  造成X点伤害X次，失去3点豪意值，再打出这张卡1次。
BetterThanWalker       |  攻击  |  1     |  稀有    |  否            |  对所有敌人造成 12 点伤害，杀死生命值不大于豪意值的敌人
FinalCommit            |  技能  |  0     |  稀有    |  否            |  你本回合无法获得格挡，回合结束时，翻倍你的豪意值